objects,run,phase,samples,p50_us,p95_us,p99_us,max_us,over_8_33ms_percent,over_16_67ms_percent
1000,0,ui_snapshot,20,523.167,1104.583,1104.583,1104.583,0.000000,0.000000
1000,0,document_clone,20,97.041,210.334,210.334,210.334,0.000000,0.000000
1000,0,edit_target,20,0.041,0.084,0.084,0.084,0.000000,0.000000
1000,1,move,244462,1.959,2.375,5.584,4173.333,0.000000,0.000000
1000,1,undo,244462,0.542,0.708,1.250,1314.375,0.000000,0.000000
1000,1,redo,244462,0.666,0.792,1.500,264.083,0.000000,0.000000
1000,2,move,242050,1.959,2.417,5.750,294.208,0.000000,0.000000
1000,2,undo,242050,0.542,0.708,1.291,300.083,0.000000,0.000000
1000,2,redo,242050,0.666,0.792,1.541,297.208,0.000000,0.000000
1000,3,move,255418,1.959,2.084,2.583,73.417,0.000000,0.000000
1000,3,undo,255418,0.542,0.667,0.875,30.000,0.000000,0.000000
1000,3,redo,255418,0.625,0.709,0.875,94.167,0.000000,0.000000
1000,0,native_state_save,10,1086.250,1931.375,1931.375,1931.375,0.000000,0.000000
1000,0,native_state_load,10,2732.542,5076.916,5076.916,5076.916,0.000000,0.000000
4096,0,ui_snapshot,20,1196.208,1448.958,1448.958,1448.958,0.000000,0.000000
4096,0,document_clone,20,348.375,610.250,610.250,610.250,0.000000,0.000000
4096,0,edit_target,20,0.041,0.125,0.125,0.125,0.000000,0.000000
4096,1,move,239603,2.333,2.458,2.792,70.625,0.000000,0.000000
4096,1,undo,239603,0.542,0.666,0.875,38.792,0.000000,0.000000
4096,1,redo,239603,0.625,0.708,0.792,27.250,0.000000,0.000000
4096,2,move,235009,2.333,2.500,2.958,155.625,0.000000,0.000000
4096,2,undo,235009,0.542,0.666,0.875,36.000,0.000000,0.000000
4096,2,redo,235009,0.666,0.709,0.875,34.958,0.000000,0.000000
4096,3,move,232416,2.333,2.875,3.042,81.292,0.000000,0.000000
4096,3,undo,232416,0.542,0.708,0.834,35.084,0.000000,0.000000
4096,3,redo,232416,0.666,0.792,0.875,52.208,0.000000,0.000000
4096,0,native_state_save,10,4305.333,4921.833,4921.833,4921.833,0.000000,0.000000
4096,0,native_state_load,10,17725.375,19445.542,19445.542,19445.542,100.000000,100.000000
